{"cameraMode":{"drawMode":0,"name":"Shaded","section":"Shading Mode"},"sceneLighting":true,"audioPlay":false,"sceneViewState":{"showFog":true,"showMaterialUpdate":false,"showSkybox":true,"showFlares":true,"showImageEffects":true,"showParticleSystems":true},"in2DMode":false,"pivot":{"x":0.4280495047569275,"y":0.5334621667861939,"z":-0.24047565460205079},"rotation":{"x":0.055776454508304599,"y":0.00269859516993165,"z":-0.00015027224435470998,"w":0.9984419941902161},"size":14.624930381774903,"orthographic":true}