{"cameraMode":{"drawMode":0,"name":"Shaded","section":"Shading Mode"},"sceneLighting":true,"audioPlay":false,"sceneViewState":{"showFog":true,"showMaterialUpdate":false,"showSkybox":true,"showFlares":true,"showImageEffects":true,"showParticleSystems":true},"in2DMode":false,"pivot":{"x":2.779527187347412,"y":8.340814590454102,"z":-3.090460777282715},"rotation":{"x":0.055776454508304599,"y":0.00269859516993165,"z":-0.00015027224435470998,"w":0.9984419941902161},"size":20.591211318969728,"orthographic":true}